feature,importance
rsi,0.13705288
dist_to_ma5,0.13405895
macd_hist,0.13125801
return_lag1,0.1262576
bb_pb,0.12422068
rolling_volatility,0.12421742
bb_bandwidth,0.11495206
return_lag2,0.107982405
