model,dataset,RMSE,MAE,R2
LinearRegression,EGX100,0.0030655138206460365,0.0020351324904973062,0.9537369284151039
RandomForest,EGX100,0.0075676887831772465,0.004218230695301486,0.7180614678948825
SVR,EGX100,0.011433198453865718,0.005975645889037618,0.3564780116609625
