model,dataset,RMSE,MAE,R2
LSTM_Regressor,EGX100,0.018721234333142257,0.013469025358352623,-0.56661311170356
