model,dataset,accuracy,precision,recall,f1_score,confusion_matrix
LSTM_Classifier,EGX100,0.7342342342342343,0.5390999107215324,0.7342342342342343,0.6217152217152218,"[[163, 0], [59, 0]]"
