model,dataset,accuracy,precision,recall,f1_score,confusion_matrix
LogisticRegression,EGX100,0.6825396825396826,0.719060071960044,0.6825396825396826,0.6959555196843332,"[[137, 51], [29, 35]]"
DecisionTree,EGX100,0.5476190476190477,0.6521870068543482,0.5476190476190477,0.5767979432575706,"[[104, 84], [30, 34]]"
XGBoostClassifier,EGX100,0.6825396825396826,0.6392333033842468,0.6825396825396826,0.6554334554334554,"[[160, 28], [52, 12]]"
