model,dataset,RMSE,MAE,R2
LSTM_Regressor,EGX30,0.018744429026292055,0.014152179291740112,-0.7939505421788922
