model,dataset,RMSE,MAE,R2
LinearRegression,EGX30,0.004175019106053725,0.0029653048597594878,0.9199883830965738
RandomForest,EGX30,0.005891982597489929,0.003689161014499923,0.8406474479252051
SVR,EGX30,0.008933581958161399,0.005085882311184012,0.6336574497133807
