model,dataset,accuracy,precision,recall,f1_score,confusion_matrix
LogisticRegression,EGX30,0.5685557586837294,0.5648385812134556,0.5685557586837294,0.5665820772767757,"[[234, 114], [122, 77]]"
DecisionTree,EGX30,0.5301645338208409,0.5395889991046579,0.5301645338208409,0.5342752550570131,"[[210, 138], [119, 80]]"
XGBoostClassifier,EGX30,0.6069469835466179,0.5438593308794405,0.6069469835466179,0.5398425092534229,"[[307, 41], [174, 25]]"
