feature,importance
bb_bandwidth,0.15321256
bb_pb,0.14678374
return_lag2,0.14396967
dist_to_ma5,0.14362423
macd_hist,0.14130108
return_lag1,0.13751087
rsi,0.13359785
