model,dataset,RMSE,MAE,R2
LinearRegression,Gold,0.005729675558356668,0.0041437396215857755,0.9400310590434282
RandomForest,Gold,0.01596058530817146,0.010397556827411709,0.5346669005835871
SVR,Gold,0.022209716303660993,0.014607892422812864,0.09894284442335677
