model,dataset,RMSE,MAE,R2
LSTM_Regressor,Gold,0.02048462245857397,0.015400046105600865,-0.010897398358147514
