model,dataset,accuracy,precision,recall,f1_score,confusion_matrix
LogisticRegression,Gold,0.5686274509803921,0.5368005738880918,0.5686274509803921,0.525509795012962,"[[49, 11], [33, 9]]"
DecisionTree,Gold,0.43137254901960786,0.47132352941176475,0.43137254901960786,0.41592071611253195,"[[17, 43], [15, 27]]"
XGBoostClassifier,Gold,0.5588235294117647,0.4923311982135512,0.5588235294117647,0.475086548426693,"[[53, 7], [38, 4]]"
