model,dataset,RMSE,MAE,R2
LSTM_Regressor,PalmHills,0.032150722213285444,0.024116188061903764,-0.3578947930240697
