model,dataset,RMSE,MAE,R2
LinearRegression,PalmHills,0.008116090440287426,0.006084229161453657,0.9207434253032529
RandomForest,PalmHills,0.012860832212365442,0.008690416423948546,0.8009878058462684
SVR,PalmHills,0.01865476192635886,0.010835460891963336,0.5812826418494629
