model,dataset,accuracy,precision,recall,f1_score,confusion_matrix
LogisticRegression,PalmHills,0.492619926199262,0.5116989372140913,0.492619926199262,0.4971184856160955,"[[157, 165], [110, 110]]"
DecisionTree,PalmHills,0.4981549815498155,0.5072765930362007,0.4981549815498155,0.5015983394552059,"[[173, 149], [123, 97]]"
XGBoostClassifier,PalmHills,0.5350553505535055,0.5138424682676146,0.5350553505535055,0.5181621762389873,"[[226, 96], [156, 64]]"
