model,dataset,RMSE,MAE,R2
LinearRegression,SODIC,0.013006959600684707,0.008747092681193634,0.8644335801354797
RandomForest,SODIC,0.019925293648040732,0.010223161359543686,0.6818660590765182
SVR,SODIC,0.030491011896579198,0.015734962658180324,0.25502067669800277
