model,dataset,RMSE,MAE,R2
LSTM_Regressor,SODIC,0.046542280605680796,0.03530551695512594,-1.4701563028709779
