model,dataset,accuracy,precision,recall,f1_score,confusion_matrix
LogisticRegression,SODIC,0.5249537892791127,0.5539240640670741,0.5249537892791127,0.5324488574427109,"[[178, 160], [97, 106]]"
DecisionTree,SODIC,0.5157116451016636,0.5423788985711352,0.5157116451016636,0.523254161955865,"[[178, 160], [102, 101]]"
XGBoostClassifier,SODIC,0.5988909426987061,0.5491597367292032,0.5988909426987061,0.5425979845204211,"[[291, 47], [170, 33]]"
