model,dataset,RMSE,MAE,R2
LSTM_Regressor,TBills,0.015648509315237306,0.00953898308329874,-0.192060786526848
