model,dataset,accuracy,precision,recall,f1_score,confusion_matrix
LogisticRegression,TBills,0.9011532125205931,0.9464195904082593,0.9011532125205931,0.913440981856412,"[[482, 59], [1, 65]]"
DecisionTree,TBills,0.899505766062603,0.9406130616018791,0.899505766062603,0.9113128421335395,"[[484, 57], [4, 62]]"
XGBoostClassifier,TBills,0.9472817133443163,0.9505470339238975,0.9472817133443163,0.948591606393968,"[[521, 20], [12, 54]]"
