feature,importance
annual_yield,0.9999213170749869
return_lag3,7.829090479260286e-05
return_lag2,3.7844737802063613e-07
return_lag1,1.3572842577461133e-08
