feature,importance
annual_yield,0.9258182621696126
return_lag2,0.040454082337211615
return_lag3,0.02410724776497855
return_lag1,0.00962040772819716
