feature,importance
annual_yield,0.01677473726649316
return_lag1,7.873696550473056e-18
return_lag2,5.204170427930421e-18
return_lag3,2.4936649967166602e-18
