model,dataset,RMSE,MAE,R2
LinearRegression,TBills,5.356610299399999e-17,4.14830911268636e-17,1.0
RandomForest,TBills,0.002249444817714246,0.0002481757977430603,0.9748706583784711
SVR,TBills,0.005733286863194076,0.004285564678840511,0.8367557972798211
