model,dataset,RMSE,MAE,R2
LSTM_Regressor,TMG,0.03534069136976404,0.025741859655078664,-1.0732344748251292
