model,dataset,RMSE,MAE,R2
LinearRegression,TMG,0.010204456853621964,0.006809438576007307,0.8804085873622153
RandomForest,TMG,0.01430288680361242,0.007385919857203521,0.7650542401836822
SVR,TMG,0.02458902830178741,0.013984592156057967,0.30561082475237045
