model,dataset,accuracy,precision,recall,f1_score,confusion_matrix
LogisticRegression,TMG,0.5461254612546126,0.5564181741160903,0.5461254612546126,0.5498488066622368,"[[190, 137], [109, 106]]"
DecisionTree,TMG,0.5202952029520295,0.5140743036127784,0.5202952029520295,0.5167533635102737,"[[205, 122], [138, 77]]"
XGBoostClassifier,TMG,0.577490774907749,0.5355128616503556,0.577490774907749,0.5262931545970597,"[[274, 53], [176, 39]]"
